<?xml version="1.0" encoding="utf-8"?>
<root xmlns:xsd="http://www.w3.org/2001/XMLSchema" xmlns:xsi="http://www.w3.org/2001/XMLSchema-instance">
  <metadata>
    <schemaversion>1.0</schemaversion>
    <displayname>Windows 10 build 1803 from Citrix</displayname>
    <description>OS optimizations for Windows 10 build 1803</description>
  </metadata>
  <pack>
    <vendor>Citrix</vendor>
    <name>Windows 10</name>
    <version>1.0</version>
    <description>OS optimizations for Windows 10 build 1803</description>
    <group>
      <id>DisableServices</id>
      <displayname>Disable Services</displayname>
      <description>Disable services that are not required for VDI\RDS virtual machines</description>
      <entry>
        <name>AllJoyn Router Service</name>
        <description>Routes AllJoyn messages for the local AllJoyn clients.</description>
        <execute>1</execute>
        <action>
          <plugin>Services</plugin>
          <params>
            <name>AJRouter</name>
            <value>Disabled</value>
          </params>
        </action>
      </entry>
      <entry>
        <name>Application Layer Gateway Service</name>
        <description>Provides support for 3rd party protocol plug-ins for Internet Connection Sharing.</description>
        <execute>1</execute>
        <action>
          <plugin>Services</plugin>
          <params>
            <name>ALG</name>
            <value>Disabled</value>
          </params>
        </action>
      </entry>
      <entry>
        <name>AVCTP service</name>
        <description>This is Audio Video Control Transport Protocol service</description>
        <execute>1</execute>
        <action>
          <plugin>Services</plugin>
          <params>
            <name>BthAvctpSvc</name>
            <value>Disabled</value>
          </params>
        </action>
      </entry>
      <entry>
        <name>BitLocker Drive Encryption Service</name>
        <description>BDESVC hosts the BitLocker Drive Encryption service. BitLocker Drive Encryption provides secure startup for the operating system, as well as full volume encryption for OS, fixed or removable volumes. This service allows BitLocker to prompt users for various actions related to their volumes when mounted, and unlocks volumes automatically without user interaction. Additionally, it stores recovery information to Active Directory, if available, and, if necessary, ensures the most recent recovery certificates are used.</description>
        <execute>1</execute>
        <action>
          <plugin>Services</plugin>
          <params>
            <name>BDESVC</name>
            <value>Disabled</value>
          </params>
        </action>
      </entry>
      <entry>
        <name>Block Level Backup Engine Service</name>
        <description>The WBENGINE service is used by Windows Backup to perform backup and recovery operations.</description>
        <execute>1</execute>
        <action>
          <plugin>Services</plugin>
          <params>
            <name>wbengine</name>
            <value>Disabled</value>
          </params>
        </action>
      </entry>
      <entry>
        <name>Bluetooth Audio Gateway Service</name>
        <description>Service supporting the audio gateway role of the Bluetooth Handsfree Profile.</description>
        <execute>1</execute>
        <action>
          <plugin>Services</plugin>
          <params>
            <name>BTAGService</name>
            <value>Disabled</value>
          </params>
        </action>
      </entry>
      <entry>
        <name>Bluetooth Support Service</name>
        <description>The Bluetooth service supports discovery and association of remote Bluetooth devices.</description>
        <execute>1</execute>
        <action>
          <plugin>Services</plugin>
          <params>
            <name>bthserv</name>
            <value>Disabled</value>
          </params>
        </action>
      </entry>
      <entry>
        <name>BranchCache</name>
        <description>This service caches network content from peers on the local subnet.</description>
        <execute>1</execute>
        <action>
          <plugin>Services</plugin>
          <params>
            <name>PeerDistSvc</name>
            <value>Disabled</value>
          </params>
        </action>
      </entry>
      <entry>
        <name>Connected User Experiences and Telemetry</name>
        <description>The Connected User Experiences and Telemetry service enables features that support in-application and connected user experiences. Additionally, this service manages the event driven collection and transmission of diagnostic and usage information (used to improve the experience and quality of the Windows Platform) when the diagnostics and usage privacy option settings are enabled under Feedback and Diagnostics.</description>
        <execute>1</execute>
        <action>
          <plugin>Services</plugin>
          <params>
            <name>DiagTrack</name>
            <value>Disabled</value>
          </params>
        </action>
      </entry>
      <entry>
        <name>Data Usage</name>
        <description>Network data usage, data limit, restrict background data, metered networks.</description>
        <execute>1</execute>
        <action>
          <plugin>Services</plugin>
          <params>
            <name>DusmSvc</name>
            <value>Disabled</value>
          </params>
        </action>
      </entry>
      <entry>
        <name>Delivery Optimization</name>
        <description>Performs content delivery optimization tasks. 
Disabling recommended by Microsoft: https://docs.microsoft.com/en-us/windows-server/remote/remote-desktop-services/rds-vdi-recommendations</description>
        <execute>1</execute>
        <action>
          <plugin>Services</plugin>
          <params>
            <name>DoSvc</name>
            <value>Disabled</value>
          </params>
        </action>
      </entry>
      <entry>
        <name>Diagnostic Policy Service</name>
        <description>The Diagnostic Policy Service enables problem detection, troubleshooting and resolution for Windows components.</description>
        <execute>1</execute>
        <action>
          <plugin>Services</plugin>
          <params>
            <name>DPS</name>
            <value>Disabled</value>
          </params>
        </action>
      </entry>
      <entry>
        <name>Diagnostic Service Host</name>
        <description>The Diagnostic Service Host is used by the Diagnostic Policy Service to host diagnostics that need to run in a Local Service context.</description>
        <execute>1</execute>
        <action>
          <plugin>Services</plugin>
          <params>
            <name>WdiServiceHost</name>
            <value>Disabled</value>
          </params>
        </action>
      </entry>
      <entry>
        <name>Diagnostic System Host</name>
        <description>The Diagnostic System Host is used by the Diagnostic Policy Service to host diagnostics that need to run in a Local System context.</description>
        <execute>1</execute>
        <action>
          <plugin>Services</plugin>
          <params>
            <name>WdiSystemHost</name>
            <value>Disabled</value>
          </params>
        </action>
      </entry>
      <entry>
        <name>Encrypting File System (EFS)</name>
        <description>Provides the core file encryption technology used to store encrypted files on NTFS file system volumes.</description>
        <execute>1</execute>
        <action>
          <plugin>Services</plugin>
          <params>
            <name>EFS</name>
            <value>Disabled</value>
          </params>
        </action>
      </entry>
      <entry>
        <name>Fax</name>
        <description>Enables you to send and receive faxes, utilizing fax resources available on this computer or on the network.</description>
        <execute>1</execute>
        <action>
          <plugin>Services</plugin>
          <params>
            <name>Fax</name>
            <value>Disabled</value>
          </params>
        </action>
      </entry>
      <entry>
        <name>Function Discovery Provider Host</name>
        <description>The FDPHOST service hosts the Function Discovery (FD) network discovery providers. These FD providers supply network discovery services for the Simple Services Discovery Protocol (SSDP) and Web Services – Discovery (WS-D) protocol. Stopping or disabling the FDPHOST service will disable network discovery for these protocols when using FD. When this service is unavailable, network services using FD and relying on these discovery protocols will be unable to find network devices or resources.</description>
        <execute>1</execute>
        <action>
          <plugin>Services</plugin>
          <params>
            <name>fdPHost</name>
            <value>Disabled</value>
          </params>
        </action>
      </entry>
      <entry>
        <name>Function Discovery Resource Publication</name>
        <description>Publishes this computer and resources attached to this computer so they can be discovered over the network.</description>
        <execute>1</execute>
        <action>
          <plugin>Services</plugin>
          <params>
            <name>FDResPub</name>
            <value>Disabled</value>
          </params>
        </action>
      </entry>
      <entry>
        <name>Internet Connection Sharing (ICS)</name>
        <description>Provides network address translation, addressing, name resolution and/or intrusion prevention services for a home or small office network.</description>
        <execute>1</execute>
        <action>
          <plugin>Services</plugin>
          <params>
            <name>SharedAccess</name>
            <value>Disabled</value>
          </params>
        </action>
      </entry>
      <entry>
        <name>Offline Files</name>
        <description>The Offline Files service performs maintenance activities on the Offline Files cache, responds to user logon and logoff events, implements the internals of the public API, and dispatches interesting events to those interested in Offline Files activities and changes in cache state.</description>
        <execute>1</execute>
        <action>
          <plugin>Services</plugin>
          <params>
            <name>CscService</name>
            <value>Disabled</value>
          </params>
        </action>
      </entry>
      <entry>
        <name>Optimize drives</name>
        <description>Helps the computer run more efficiently by optimizing files on storage drives.</description>
        <execute>1</execute>
        <action>
          <plugin>Services</plugin>
          <params>
            <name>defragsvc</name>
            <value>Disabled</value>
          </params>
        </action>
      </entry>
      <entry>
        <name>Parental Controls</name>
        <description>Enforces parental controls for child accounts in Windows. If this service is stopped or disabled, parental controls may not be enforced.</description>
        <execute>1</execute>
        <action>
          <plugin>Services</plugin>
          <params>
            <name>WpcMonSvc</name>
            <value>Disabled</value>
          </params>
        </action>
      </entry>
      <entry>
        <name>Retail Demo Service</name>
        <description>The Retail Demo service controls device activity while the device is in retail demo mode.</description>
        <execute>1</execute>
        <action>
          <plugin>Services</plugin>
          <params>
            <name>RetailDemo</name>
            <value>Disabled</value>
          </params>
        </action>
      </entry>
      <entry>
        <name>Sensor Monitoring Service</name>
        <description>Monitors various sensors in order to expose data and adapt to system and user state.</description>
        <execute>1</execute>
        <action>
          <plugin>Services</plugin>
          <params>
            <name>SensrSvc</name>
            <value>Disabled</value>
          </params>
        </action>
      </entry>
      <entry>
        <name>Shell Hardware Detection</name>
        <description>Provides notifications for AutoPlay hardware events.</description>
        <execute>1</execute>
        <action>
          <plugin>Services</plugin>
          <params>
            <name>ShellHWDetection</name>
            <value>Disabled</value>
          </params>
        </action>
      </entry>
      <entry>
        <name>SSDP Discovery</name>
        <description>Discovers networked devices and services that use the SSDP discovery protocol, such as UPnP devices. Also announces SSDP devices and services running on the local computer.</description>
        <execute>1</execute>
        <action>
          <plugin>Services</plugin>
          <params>
            <name>SSDPSRV</name>
            <value>Disabled</value>
          </params>
        </action>
      </entry>
      <entry>
        <name>UPnP Device Host</name>
        <description>Allows UPnP devices to be hosted on this computer.</description>
        <execute>1</execute>
        <action>
          <plugin>Services</plugin>
          <params>
            <name>upnphost</name>
            <value>Disabled</value>
          </params>
        </action>
      </entry>
      <entry>
        <name>Volumetric Audio Compositor Service</name>
        <description>Hosts spatial analysis for Mixed Reality audio simulation.</description>
        <execute>1</execute>
        <action>
          <plugin>Services</plugin>
          <params>
            <name>VacSvc</name>
            <value>Disabled</value>
          </params>
        </action>
      </entry>
      <entry>
        <name>Windows Connect Now - Config Registrar</name>
        <description>WCNCSVC hosts the Windows Connect Now Configuration which is Microsoft's Implementation of Wi-Fi Protected Setup (WPS) protocol. This is used to configure Wireless LAN settings for an Access Point (AP) or a Wi-Fi Device. The service is started programmatically as needed.</description>
        <execute>1</execute>
        <action>
          <plugin>Services</plugin>
          <params>
            <name>wcncsvc</name>
            <value>Disabled</value>
          </params>
        </action>
      </entry>
      <entry>
        <name>Windows Media Player Network Sharing Service</name>
        <description>Shares Windows Media Player libraries to other networked players and media devices using Universal Plug and Play.</description>
        <execute>1</execute>
        <action>
          <plugin>Services</plugin>
          <params>
            <name>WMPNetworkSvc</name>
            <value>Disabled</value>
          </params>
        </action>
      </entry>
      <entry>
        <name>Windows Mobile Hotspot Service</name>
        <description>Provides the ability to share a cellular data connection with another device.
Recommended by Microsoft to disable: https://docs.microsoft.com/en-us/windows-server/remote/remote-desktop-services/rds-vdi-recommendations</description>
        <execute>1</execute>
        <action>
          <plugin>Services</plugin>
          <params>
            <name>icssvc</name>
            <value>Disabled</value>
          </params>
        </action>
      </entry>
      <entry>
        <name>Windows Update</name>
        <description>Enables the detection, download, and installation of updates for Windows and other programs.</description>
        <execute>1</execute>
        <action>
          <plugin>Services</plugin>
          <params>
            <name>wuauserv</name>
            <value>Disabled</value>
          </params>
        </action>
      </entry>
      <entry>
        <name>WLAN AutoConfig</name>
        <description>The WLANSVC service provides the logic required to configure, discover, connect to, and disconnect from a wireless local area network (WLAN) as defined by IEEE 802.11 standards. It also contains the logic to turn your computer into a software access point so that other devices or computers can connect to your computer wirelessly using a WLAN adapter that can support this.</description>
        <execute>1</execute>
        <action>
          <plugin>Services</plugin>
          <params>
            <name>WlanSvc</name>
            <value>Disabled</value>
          </params>
        </action>
      </entry>
      <entry>
        <name>WWAN AutoConfig</name>
        <description>This service manages mobile broadband (GSM &amp; CDMA) data card/embedded module adapters and connections by auto-configuring the networks. It is strongly recommended that this service be kept running for best user experience of mobile broadband devices.</description>
        <execute>1</execute>
        <action>
          <plugin>Services</plugin>
          <params>
            <name>WwanSvc</name>
            <value>Disabled</value>
          </params>
        </action>
      </entry>
      <entry>
        <name>Xbox Accessory Management Service</name>
        <description>This service manages connected Xbox Accessories.</description>
        <execute>1</execute>
        <action>
          <plugin>Services</plugin>
          <params>
            <name>XboxGipSvc</name>
            <value>Disabled</value>
          </params>
        </action>
      </entry>
      <entry>
        <name>Xbox Live Auth Manager</name>
        <description>Provides authentication and authorization services for interacting with Xbox Live.</description>
        <execute>1</execute>
        <action>
          <plugin>Services</plugin>
          <params>
            <name>XblAuthManager</name>
            <value>Disabled</value>
          </params>
        </action>
      </entry>
      <entry>
        <name>Xbox Live Game Save</name>
        <description>This service syncs save data for Xbox Live save enabled games.</description>
        <execute>1</execute>
        <action>
          <plugin>Services</plugin>
          <params>
            <name>XblGameSave</name>
            <value>Disabled</value>
          </params>
        </action>
      </entry>
      <entry>
        <name>Xbox Live Networking Service</name>
        <description>This service supports the Windows.Networking.XboxLive application programming interface.</description>
        <execute>1</execute>
        <action>
          <plugin>Services</plugin>
          <params>
            <name>XboxNetApiSvc</name>
            <value>Disabled</value>
          </params>
        </action>
      </entry>
    </group>
    <group>
      <id>OptionalComponents</id>
      <displayname>Optional Components</displayname>
      <description>Contains components that are often disabled for VDI\RDS machines, however can impact other applications or user experience. It is recommend to review these settings before applying them. </description>
      <entry>
        <name>Microsoft.StorePurchaseApp</name>
        <description>Microsoft Store application. Do not remove it if you're planning to use UWP applications.</description>
        <execute>0</execute>
        <action>
          <plugin>UWP</plugin>
          <params>
            <name>Microsoft.StorePurchaseApp</name>
          </params>
        </action>
      </entry>
      <entry>
        <name>Microsoft.WindowsCalculator</name>
        <description>Built-in Windows Calculator. If your users are using it (mostly desktop sessions rather than published applications), do not remove it unless you have a replacement calculator app.</description>
        <execute>0</execute>
        <action>
          <plugin>UWP</plugin>
          <params>
            <name>Microsoft.WindowsCalculator</name>
          </params>
        </action>
      </entry>
      <entry>
        <name>Superfetch</name>
        <description>Maintains and improves system performance over time. If optimizing a persistent machine you may leave Superfetch enabled. If optimizing a non-persistent machine, disable it.</description>
        <execute>0</execute>
        <action>
          <plugin>Services</plugin>
          <params>
            <name>SysMain</name>
            <value>Disabled</value>
          </params>
        </action>
      </entry>
      <entry>
        <name>Themes</name>
        <description>Provides user experience theme management. Disabling Themes will impact the user experience, but can help with server density.</description>
        <execute>0</execute>
        <action>
          <plugin>Services</plugin>
          <params>
            <name>Themes</name>
            <value>Disabled</value>
          </params>
        </action>
      </entry>
      <entry>
        <name>Windows Error Reporting Service</name>
        <description>Allows errors to be reported when programs stop working or responding and allows existing solutions to be delivered. Also allows logs to be generated for diagnostic and repair services. Disable it if logs are not being gathered and analyzed.</description>
        <execute>0</execute>
        <action>
          <plugin>Services</plugin>
          <params>
            <name>WerSvc</name>
            <value>Disabled</value>
          </params>
        </action>
      </entry>
      <entry>
        <name>Windows Search</name>
        <description>Provides content indexing, property caching, and search results for files, e-mail, and other content. Consider disabling it as it has a high impact on server density.</description>
        <execute>0</execute>
        <action>
          <plugin>Services</plugin>
          <params>
            <name>WSearch</name>
            <value>Disabled</value>
          </params>
        </action>
      </entry>
    </group>
    <group>
      <id>RemoveApplications</id>
      <displayname>Remove Built-in Apps</displayname>
      <description>Remove Windows Universal Apps to speed up logons.
DOES NOT SUPPORT ROLLBACK!</description>
      <entry>
        <name>Microsoft.BingWeather</name>
        <description>Microsoft.BingWeather</description>
        <execute>1</execute>
        <action>
          <plugin>UWP</plugin>
          <params>
            <name>Microsoft.BingWeather</name>
          </params>
        </action>
      </entry>
      <entry>
        <name>Microsoft.DesktopAppInstaller</name>
        <description>Microsoft.DesktopAppInstaller</description>
        <execute>1</execute>
        <action>
          <plugin>UWP</plugin>
          <params>
            <name>Microsoft.DesktopAppInstaller</name>
          </params>
        </action>
      </entry>
      <entry>
        <name>Microsoft.GetHelp</name>
        <description>Microsoft.GetHelp</description>
        <execute>1</execute>
        <action>
          <plugin>UWP</plugin>
          <params>
            <name>Microsoft.GetHelp</name>
          </params>
        </action>
      </entry>
      <entry>
        <name>Microsoft.Getstarted</name>
        <description>Microsoft.Getstarted</description>
        <execute>1</execute>
        <action>
          <plugin>UWP</plugin>
          <params>
            <name>Microsoft.Getstarted</name>
          </params>
        </action>
      </entry>
      <entry>
        <name>Microsoft.Messaging</name>
        <description>Microsoft.Messaging</description>
        <execute>1</execute>
        <action>
          <plugin>UWP</plugin>
          <params>
            <name>Microsoft.Messaging</name>
          </params>
        </action>
      </entry>
      <entry>
        <name>Microsoft.Microsoft3DViewer</name>
        <description>Microsoft.Microsoft3DViewer</description>
        <execute>1</execute>
        <action>
          <plugin>UWP</plugin>
          <params>
            <name>Microsoft.Microsoft3DViewer</name>
          </params>
        </action>
      </entry>
      <entry>
        <name>Microsoft.MicrosoftOfficeHub</name>
        <description>Microsoft.MicrosoftOfficeHub</description>
        <execute>1</execute>
        <action>
          <plugin>UWP</plugin>
          <params>
            <name>Microsoft.MicrosoftOfficeHub</name>
          </params>
        </action>
      </entry>
      <entry>
        <name>Microsoft.MicrosoftSolitaireCollection</name>
        <description>Microsoft.MicrosoftSolitaireCollection</description>
        <execute>1</execute>
        <action>
          <plugin>UWP</plugin>
          <params>
            <name>Microsoft.MicrosoftSolitaireCollection</name>
          </params>
        </action>
      </entry>
      <entry>
        <name>Microsoft.MicrosoftStickyNotes</name>
        <description>Microsoft.MicrosoftStickyNotes</description>
        <execute>1</execute>
        <action>
          <plugin>UWP</plugin>
          <params>
            <name>Microsoft.MicrosoftStickyNotes</name>
          </params>
        </action>
      </entry>
      <entry>
        <name>Microsoft.MSPaint</name>
        <description>Microsoft.MSPaint</description>
        <execute>1</execute>
        <action>
          <plugin>UWP</plugin>
          <params>
            <name>Microsoft.MSPaint</name>
          </params>
        </action>
      </entry>
      <entry>
        <name>Microsoft.Office.OneNote</name>
        <description>Microsoft.Office.OneNote</description>
        <execute>1</execute>
        <action>
          <plugin>UWP</plugin>
          <params>
            <name>Microsoft.Office.OneNote</name>
          </params>
        </action>
      </entry>
      <entry>
        <name>Microsoft.OneConnect</name>
        <description>Microsoft.OneConnect</description>
        <execute>1</execute>
        <action>
          <plugin>UWP</plugin>
          <params>
            <name>Microsoft.OneConnect</name>
          </params>
        </action>
      </entry>
      <entry>
        <name>Microsoft.People</name>
        <description>Microsoft.People</description>
        <execute>1</execute>
        <action>
          <plugin>UWP</plugin>
          <params>
            <name>Microsoft.People</name>
          </params>
        </action>
      </entry>
      <entry>
        <name>Microsoft.Print3D</name>
        <description>Microsoft.Print3D</description>
        <execute>1</execute>
        <action>
          <plugin>UWP</plugin>
          <params>
            <name>Microsoft.Print3D</name>
          </params>
        </action>
      </entry>
      <entry>
        <name>Microsoft.SkypeApp</name>
        <description>Microsoft.SkypeApp</description>
        <execute>1</execute>
        <action>
          <plugin>UWP</plugin>
          <params>
            <name>Microsoft.SkypeApp</name>
          </params>
        </action>
      </entry>
      <entry>
        <name>Microsoft.Wallet</name>
        <description>Microsoft.Wallet</description>
        <execute>1</execute>
        <action>
          <plugin>UWP</plugin>
          <params>
            <name>Microsoft.Wallet</name>
          </params>
        </action>
      </entry>
      <entry>
        <name>Microsoft.WebMediaExtensions</name>
        <description>Microsoft.WebMediaExtensions</description>
        <execute>1</execute>
        <action>
          <plugin>UWP</plugin>
          <params>
            <name>Microsoft.WebMediaExtensions</name>
          </params>
        </action>
      </entry>
      <entry>
        <name>Microsoft.Windows.Photos</name>
        <description>Microsoft.Windows.Photos</description>
        <execute>1</execute>
        <action>
          <plugin>UWP</plugin>
          <params>
            <name>Microsoft.Windows.Photos</name>
          </params>
        </action>
      </entry>
      <entry>
        <name>Microsoft.WindowsAlarms</name>
        <description>Microsoft.WindowsAlarms</description>
        <execute>1</execute>
        <action>
          <plugin>UWP</plugin>
          <params>
            <name>Microsoft.WindowsAlarms</name>
          </params>
        </action>
      </entry>
      <entry>
        <name>Microsoft.WindowsCamera</name>
        <description>Microsoft.WindowsCamera</description>
        <execute>1</execute>
        <action>
          <plugin>UWP</plugin>
          <params>
            <name>Microsoft.WindowsCamera</name>
          </params>
        </action>
      </entry>
      <entry>
        <name>Microsoft.WindowsFeedbackHub</name>
        <description>Microsoft.WindowsFeedbackHub</description>
        <execute>1</execute>
        <action>
          <plugin>UWP</plugin>
          <params>
            <name>Microsoft.WindowsFeedbackHub</name>
          </params>
        </action>
      </entry>
      <entry>
        <name>Microsoft.WindowsMaps</name>
        <description>Microsoft.WindowsMaps</description>
        <execute>1</execute>
        <action>
          <plugin>UWP</plugin>
          <params>
            <name>Microsoft.WindowsMaps</name>
          </params>
        </action>
      </entry>
      <entry>
        <name>Microsoft.WindowsSoundRecorder</name>
        <description>Microsoft.WindowsSoundRecorder</description>
        <execute>1</execute>
        <action>
          <plugin>UWP</plugin>
          <params>
            <name>Microsoft.WindowsSoundRecorder</name>
          </params>
        </action>
      </entry>
      <entry>
        <name>Microsoft.WindowsStore</name>
        <description>Microsoft.WindowsStore</description>
        <execute>1</execute>
        <action>
          <plugin>UWP</plugin>
          <params>
            <name>Microsoft.WindowsStore</name>
          </params>
        </action>
      </entry>
      <entry>
        <name>Microsoft.Xbox.TCUI</name>
        <description>Microsoft.Xbox.TCUI</description>
        <execute>1</execute>
        <action>
          <plugin>UWP</plugin>
          <params>
            <name>Microsoft.Xbox.TCUI</name>
          </params>
        </action>
      </entry>
      <entry>
        <name>Microsoft.XboxApp</name>
        <description>Microsoft.XboxApp</description>
        <execute>1</execute>
        <action>
          <plugin>UWP</plugin>
          <params>
            <name>Microsoft.XboxApp</name>
          </params>
        </action>
      </entry>
      <entry>
        <name>Microsoft.XboxGameOverlay</name>
        <description>Microsoft.XboxGameOverlay</description>
        <execute>1</execute>
        <action>
          <plugin>UWP</plugin>
          <params>
            <name>Microsoft.XboxGameOverlay</name>
          </params>
        </action>
      </entry>
      <entry>
        <name>Microsoft.XboxGamingOverlay</name>
        <description>Microsoft.XboxGamingOverlay</description>
        <execute>1</execute>
        <action>
          <plugin>UWP</plugin>
          <params>
            <name>Microsoft.XboxGamingOverlay</name>
          </params>
        </action>
      </entry>
      <entry>
        <name>Microsoft.XboxIdentityProvider</name>
        <description>Microsoft.XboxIdentityProvider</description>
        <execute>1</execute>
        <action>
          <plugin>UWP</plugin>
          <params>
            <name>Microsoft.XboxIdentityProvider</name>
          </params>
        </action>
      </entry>
      <entry>
        <name>Microsoft.XboxSpeechToTextOverlay</name>
        <description>Microsoft.XboxSpeechToTextOverlay</description>
        <execute>1</execute>
        <action>
          <plugin>UWP</plugin>
          <params>
            <name>Microsoft.XboxSpeechToTextOverlay</name>
          </params>
        </action>
      </entry>
      <entry>
        <name>Microsoft.ZuneMusic</name>
        <description>Microsoft.ZuneMusic</description>
        <execute>1</execute>
        <action>
          <plugin>UWP</plugin>
          <params>
            <name>Microsoft.ZuneMusic</name>
          </params>
        </action>
      </entry>
      <entry>
        <name>Microsoft.ZuneVideo</name>
        <description>Microsoft.ZuneVideo</description>
        <execute>1</execute>
        <action>
          <plugin>UWP</plugin>
          <params>
            <name>Microsoft.ZuneVideo</name>
          </params>
        </action>
      </entry>
    </group>
    <group>
      <id>DisableScheduledTasks</id>
      <displayname>Disable Scheduled Tasks</displayname>
      <description>Disable scheduled tasks that are not required for VDI\RDS virtual machines</description>
      <entry>
        <name>AnalyzeSystem</name>
        <description>This job analyzes the system looking for conditions that may cause high energy use.</description>
        <execute>1</execute>
        <action>
          <plugin>SchTasks</plugin>
          <params>
            <name>AnalyzeSystem</name>
            <path>\Microsoft\Windows\Power Efficiency Diagnostics</path>
            <value>Disabled</value>
          </params>
        </action>
      </entry>
      <entry>
        <name>BfeOnServiceStartTypeChange</name>
        <description>Adjusts the start type for firewall-triggered services when the start type of the Base Filtering Engine (BFE) is disabled.</description>
        <execute>1</execute>
        <action>
          <plugin>SchTasks</plugin>
          <params>
            <name>BfeOnServiceStartTypeChange</name>
            <path>\Microsoft\Windows\Windows Filtering Platform</path>
            <value>Disabled</value>
          </params>
        </action>
      </entry>
      <entry>
        <name>Consolidator</name>
        <description>Collects and sends usage data to Microsoft if opted-in to the Windows Customer Experience Improvement Program.</description>
        <execute>1</execute>
        <action>
          <plugin>SchTasks</plugin>
          <params>
            <name>Consolidator</name>
            <path>\Microsoft\Windows\Customer Experience Improvement Program</path>
            <value>Disabled</value>
          </params>
        </action>
      </entry>
      <entry>
        <name>FamilySafetyMonitor</name>
        <description>Initializes Family Safety monitoring and enforcement.</description>
        <execute>1</execute>
        <action>
          <plugin>SchTasks</plugin>
          <params>
            <name>FamilySafetyMonitor</name>
            <path>\Microsoft\Windows\Shell</path>
            <value>Disabled</value>
          </params>
        </action>
      </entry>
      <entry>
        <name>FamilySafetyRefresh</name>
        <description>Synchronizes the latest settings with the Microsoft family features service.</description>
        <execute>1</execute>
        <action>
          <plugin>SchTasks</plugin>
          <params>
            <name>FamilySafetyRefreshTask</name>
            <path>\Microsoft\Windows\Shell</path>
            <value>Disabled</value>
          </params>
        </action>
      </entry>
      <entry>
        <name>File History (maintenance mode)</name>
        <description>Protects user files from accidental loss by copying them to a backup location when the system is unattended.</description>
        <execute>1</execute>
        <action>
          <plugin>SchTasks</plugin>
          <params>
            <name>File History (maintenance mode)</name>
            <path>\Microsoft\Windows\FileHistory</path>
            <value>Disabled</value>
          </params>
        </action>
      </entry>
      <entry>
        <name>Location Notifications</name>
        <description>Location Notifications</description>
        <execute>1</execute>
        <action>
          <plugin>SchTasks</plugin>
          <params>
            <name>Notifications</name>
            <path>\Microsoft\Windows\Location</path>
            <value>Disabled</value>
          </params>
        </action>
      </entry>
      <entry>
        <name>Location Notifications 2</name>
        <description>Location Notifications 2</description>
        <execute>1</execute>
        <action>
          <plugin>SchTasks</plugin>
          <params>
            <name>WindowsActionDialog</name>
            <path>\Microsoft\Windows\Location</path>
            <value>Disabled</value>
          </params>
        </action>
      </entry>
      <entry>
        <name>MapsToastTask</name>
        <description>MapsToastTask</description>
        <execute>1</execute>
        <action>
          <plugin>SchTasks</plugin>
          <params>
            <name>MapsToastTask</name>
            <path>\Microsoft\Windows\Maps</path>
            <value>Disabled</value>
          </params>
        </action>
      </entry>
      <entry>
        <name>MapsUpdateTask</name>
        <description>MapsUpdateTask</description>
        <execute>1</execute>
        <action>
          <plugin>SchTasks</plugin>
          <params>
            <name>MapsUpdateTask</name>
            <path>\Microsoft\Windows\Maps</path>
            <value>Disabled</value>
          </params>
        </action>
      </entry>
      <entry>
        <name>Microsoft Compatibility Appraiser</name>
        <description>Aggregates and uploads Application Telemetry information if opted-in to the Microsoft Customer Experience Improvement Program.</description>
        <execute>1</execute>
        <action>
          <plugin>SchTasks</plugin>
          <params>
            <name>Microsoft Compatibility Appraiser</name>
            <path>\Microsoft\Windows\Application Experience</path>
            <value>Disabled</value>
          </params>
        </action>
      </entry>
      <entry>
        <name>Microsoft-Windows-DiskDiagnosticDataCollector</name>
        <description>Reports general disk and system information to Microsoft for users participating in the Customer Experience Program.</description>
        <execute>1</execute>
        <action>
          <plugin>SchTasks</plugin>
          <params>
            <name>Microsoft-Windows-DiskDiagnosticDataCollector</name>
            <path>\Microsoft\Windows\DiskDiagnostic</path>
            <value>Disabled</value>
          </params>
        </action>
      </entry>
      <entry>
        <name>Microsoft-Windows-DiskDiagnosticResolver</name>
        <description>Warns users about faults reported by hard disks that support the Self Monitoring and Reporting Technology (S.M.A.R.T.) standard. This task is triggered automatically by the Diagnostic Policy Service when a S.M.A.R.T. fault is detected.</description>
        <execute>1</execute>
        <action>
          <plugin>SchTasks</plugin>
          <params>
            <name>Microsoft-Windows-DiskDiagnosticResolver</name>
            <path>\Microsoft\Windows\DiskDiagnostic</path>
            <value>Disabled</value>
          </params>
        </action>
      </entry>
      <entry>
        <name>Mobile Broadband Accounts</name>
        <description>Mobile Broadband Accounts</description>
        <execute>1</execute>
        <action>
          <plugin>SchTasks</plugin>
          <params>
            <name>MNO Metadata Parser</name>
            <path>\Microsoft\Windows\Mobile Broadband Accounts</path>
            <value>Disabled</value>
          </params>
        </action>
      </entry>
      <entry>
        <name>ProactiveScan</name>
        <description>NTFS volume health scan.</description>
        <execute>1</execute>
        <action>
          <plugin>SchTasks</plugin>
          <params>
            <name>ProactiveScan</name>
            <path>\Microsoft\Windows\CHKDSK</path>
            <value>Disabled</value>
          </params>
        </action>
      </entry>
      <entry>
        <name>ProcessMemoryDiagnosticEvents</name>
        <description>Schedules a memory diagnostic in response to system events.</description>
        <execute>1</execute>
        <action>
          <plugin>SchTasks</plugin>
          <params>
            <name>ProcessMemoryDiagnosticEvents</name>
            <path>\Microsoft\Windows\MemoryDiagnostic</path>
            <value>Disabled</value>
          </params>
        </action>
      </entry>
      <entry>
        <name>ProgramDataUpdater</name>
        <description>Collects program telemetry information if opted-in to the Microsoft Customer Experience Improvement Program.</description>
        <execute>1</execute>
        <action>
          <plugin>SchTasks</plugin>
          <params>
            <name>ProgramDataUpdater</name>
            <path>\Microsoft\Windows\Application Experience</path>
            <value>Disabled</value>
          </params>
        </action>
      </entry>
      <entry>
        <name>Proxy</name>
        <description>Collects and uploads autochk SQM data if opted-in to the Microsoft Customer Experience Improvement Program.</description>
        <execute>1</execute>
        <action>
          <plugin>SchTasks</plugin>
          <params>
            <name>Proxy</name>
            <path>\Microsoft\Windows\Autochk</path>
            <value>Disabled</value>
          </params>
        </action>
      </entry>
      <entry>
        <name>RegIdleBackup</name>
        <description>Registry idle backup task.</description>
        <execute>1</execute>
        <action>
          <plugin>SchTasks</plugin>
          <params>
            <name>RegIdleBackup</name>
            <path>\Microsoft\Windows\Registry</path>
            <value>Disabled</value>
          </params>
        </action>
      </entry>
      <entry>
        <name>ResolutionHost</name>
        <description>The Windows Diagnostic Infrastructure Resolution host enables interactive resolutions for system problems detected by the Diagnostic Policy Service. It is triggered when necessary by the Diagnostic Policy Service in the appropriate user session. If the Diagnostic Policy Service is not running, the task will not run.</description>
        <execute>1</execute>
        <action>
          <plugin>SchTasks</plugin>
          <params>
            <name>ResolutionHost</name>
            <path>\Microsoft\Windows\WDI</path>
            <value>Disabled</value>
          </params>
        </action>
      </entry>
      <entry>
        <name>RetailDemo-CleanupOfflineContent</name>
        <description>Retail Demo</description>
        <execute>1</execute>
        <action>
          <plugin>SchTasks</plugin>
          <params>
            <name>CleanupOfflineContent</name>
            <path>\Microsoft\Windows\RetailDemo</path>
            <value>Disabled</value>
          </params>
        </action>
      </entry>
      <entry>
        <name>RunFullMemoryDiagnostic</name>
        <description>Detects and mitigates problems in physical memory (RAM).</description>
        <execute>1</execute>
        <action>
          <plugin>SchTasks</plugin>
          <params>
            <name>RunFullMemoryDiagnostic</name>
            <path>\Microsoft\Windows\MemoryDiagnostic</path>
            <value>Disabled</value>
          </params>
        </action>
      </entry>
      <entry>
        <name>Scheduled</name>
        <description>Performs periodic maintenance of the computer system by fixing problems automatically or reporting them through the Action Center.</description>
        <execute>1</execute>
        <action>
          <plugin>SchTasks</plugin>
          <params>
            <name>Scheduled</name>
            <path>\Microsoft\Windows\Diagnosis</path>
            <value>Disabled</value>
          </params>
        </action>
      </entry>
      <entry>
        <name>ScheduledDefrag</name>
        <description>This task defragments the computers hard disk drives.</description>
        <execute>1</execute>
        <action>
          <plugin>SchTasks</plugin>
          <params>
            <name>ScheduledDefrag</name>
            <path>\Microsoft\Windows\Defrag</path>
            <value>Disabled</value>
          </params>
        </action>
      </entry>
      <entry>
        <name>SR</name>
        <description>This task creates regular system protection points.</description>
        <execute>1</execute>
        <action>
          <plugin>SchTasks</plugin>
          <params>
            <name>SR</name>
            <path>\Microsoft\Windows\SystemRestore</path>
            <value>Disabled</value>
          </params>
        </action>
      </entry>
      <entry>
        <name>StartComponentCleanup</name>
        <description>This job clean up components automatically when the system is not in use. This task is known to cause excessive CPU usage.</description>
        <execute>1</execute>
        <action>
          <plugin>SchTasks</plugin>
          <params>
            <name>StartComponentCleanup</name>
            <path>\Microsoft\Windows\Servicing</path>
            <value>Disabled</value>
          </params>
        </action>
      </entry>
      <entry>
        <name>StartupAppTask</name>
        <description>Scans startup entries and raises notification to the user if there are too many startup entries.</description>
        <execute>1</execute>
        <action>
          <plugin>SchTasks</plugin>
          <params>
            <name>StartupAppTask</name>
            <path>\Microsoft\Windows\Application Experience</path>
            <value>Disabled</value>
          </params>
        </action>
      </entry>
      <entry>
        <name>UsbCeip</name>
        <description>Collects Universal Serial Bus related statistics and information about your machine and sends to the Windows Device Connectivity engineering group at Microsoft, if opted-in to Windows Customer Experience Improvement Program.</description>
        <execute>1</execute>
        <action>
          <plugin>SchTasks</plugin>
          <params>
            <name>UsbCeip</name>
            <path>\Microsoft\Windows\Customer Experience Improvement Program</path>
            <value>Disabled</value>
          </params>
        </action>
      </entry>
      <entry>
        <name>VerifyWinRE</name>
        <description>Validates the Windows Recovery Environment.</description>
        <execute>1</execute>
        <action>
          <plugin>SchTasks</plugin>
          <params>
            <name>VerifyWinRE</name>
            <path>\Microsoft\Windows\RecoveryEnvironment</path>
            <value>Disabled</value>
          </params>
        </action>
      </entry>
      <entry>
        <name>Windows Defender Cache Maintenance</name>
        <description>Periodic maintenance task.</description>
        <execute>1</execute>
        <action>
          <plugin>SchTasks</plugin>
          <params>
            <name>Windows Defender Cache Maintenance</name>
            <path>\Microsoft\Windows\Windows Defender</path>
            <value>Disabled</value>
          </params>
        </action>
      </entry>
      <entry>
        <name>Windows Defender Cleanup</name>
        <description>Periodic cleanup task.</description>
        <execute>1</execute>
        <action>
          <plugin>SchTasks</plugin>
          <params>
            <name>Windows Defender Cleanup</name>
            <path>\Microsoft\Windows\Windows Defender</path>
            <value>Disabled</value>
          </params>
        </action>
      </entry>
      <entry>
        <name>Windows Defender Scheduled Scan</name>
        <description>Periodic scan task.</description>
        <execute>1</execute>
        <action>
          <plugin>SchTasks</plugin>
          <params>
            <name>Windows Defender Scheduled Scan</name>
            <path>\Microsoft\Windows\Windows Defender</path>
            <value>Disabled</value>
          </params>
        </action>
      </entry>
      <entry>
        <name>Windows Defender Verification</name>
        <description>Periodic verification task.</description>
        <execute>1</execute>
        <action>
          <plugin>SchTasks</plugin>
          <params>
            <name>Windows Defender Verification</name>
            <path>\Microsoft\Windows\Windows Defender</path>
            <value>Disabled</value>
          </params>
        </action>
      </entry>
      <entry>
        <name>Windows Error Reporting</name>
        <description>Windows Error Reporting task to process queued reports.</description>
        <execute>1</execute>
        <action>
          <plugin>SchTasks</plugin>
          <params>
            <name>QueueReporting</name>
            <path>\Microsoft\Windows\Windows Error Reporting</path>
            <value>Disabled</value>
          </params>
        </action>
      </entry>
      <entry>
        <name>Windows Media Sharing</name>
        <description>This task updates the cached list of folders and the security permissions on any new files in a user’s shared media library.</description>
        <execute>1</execute>
        <action>
          <plugin>SchTasks</plugin>
          <params>
            <name>UpdateLibrary</name>
            <path>\Microsoft\Windows\Windows Media Sharing</path>
            <value>Disabled</value>
          </params>
        </action>
      </entry>
      <entry>
        <name>WinSAT</name>
        <description>Measures a system’s performance and capabilities.</description>
        <execute>1</execute>
        <action>
          <plugin>SchTasks</plugin>
          <params>
            <name>WinSAT</name>
            <path>\Microsoft\Windows\Maintenance</path>
            <value>Disabled</value>
          </params>
        </action>
      </entry>
      <entry>
        <name>XblGameSaveTask</name>
        <description>XblGameSave Standby Task</description>
        <execute>1</execute>
        <action>
          <plugin>SchTasks</plugin>
          <params>
            <name>XblGameSaveTask</name>
            <path>\Microsoft\XblGameSave</path>
            <value>Disabled</value>
          </params>
        </action>
      </entry>
    </group>
    <group>
      <id>Miscellaneous</id>
      <displayname>Miscellaneous</displayname>
      <description>Various optimizations and tweaks for VDI\RDS virtual machines</description>
      <entry>
        <name>Disable background auto-layout</name>
        <description>Disabling background auto-layout can help improve EWF performance.</description>
        <execute>1</execute>
        <action>
          <plugin>Registry</plugin>
          <params>
            <name>EnableAutoLayout</name>
            <path>HKLM\SOFTWARE\Microsoft\Windows\CurrentVersion\OptimalLayout</path>
            <value>0</value>
            <valuetype>DWORD</valuetype>
          </params>
        </action>
      </entry>
      <entry>
        <name>Disable background disk defragmentation</name>
        <description>Disabling background disk defragmentation can help improve EWF performance.</description>
        <execute>1</execute>
        <action>
          <plugin>Registry</plugin>
          <params>
            <name>Enable</name>
            <path>HKLM\SOFTWARE\Microsoft\Dfrg\BootOptimizeFunction</path>
            <value>N</value>
            <valuetype>String</valuetype>
          </params>
        </action>
      </entry>
      <entry>
        <name>Disable default system screensaver</name>
        <description>Disable default system logon screensaver.</description>
        <execute>1</execute>
        <action>
          <plugin>Registry</plugin>
          <params>
            <name>ScreenSaveActive</name>
            <path>HKU\.DEFAULT\Control Panel\Desktop</path>
            <value>0</value>
            <valuetype>DWORD</valuetype>
          </params>
        </action>
      </entry>
      <entry>
        <name>Disable memory dump creation</name>
        <description>Disable memory dump creation.</description>
        <execute>1</execute>
        <action>
          <plugin>Registry</plugin>
          <params>
            <name>CrashDumpEnabled</name>
            <path>HKLM\SYSTEM\CurrentControlSet\Control\CrashControl</path>
            <value>0</value>
            <valuetype>DWORD</valuetype>
          </params>
        </action>
      </entry>
      <entry>
        <name>Disable NTFS last access timestamps</name>
        <description>If you are using NTFS, you can increase the performance of EWF by disabling the last access date/time stamps.</description>
        <execute>1</execute>
        <action>
          <plugin>Registry</plugin>
          <params>
            <name>NtfsDisableLastAccessUpdate</name>
            <path>HKLM\SYSTEM\CurrentControlSet\Control\FileSystem</path>
            <value>1</value>
            <valuetype>DWORD</valuetype>
          </params>
        </action>
      </entry>
      <entry>
        <name>Disable the Windows First Logon Animation</name>
        <description>Disable the Windows First Logon Animation.</description>
        <execute>1</execute>
        <action>
          <plugin>Registry</plugin>
          <params>
            <name>EnableFirstLogonAnimation</name>
            <path>HKLM\SOFTWARE\Microsoft\Windows\CurrentVersion\Policies\System</path>
            <value>0</value>
            <valuetype>DWORD</valuetype>
          </params>
        </action>
      </entry>
      <entry>
        <name>Hide hard error messages</name>
        <description>Disable system hard error messages.</description>
        <execute>1</execute>
        <action>
          <plugin>Registry</plugin>
          <params>
            <name>ErrorMode</name>
            <path>HKLM\System\CurrentControlSet\Control\Windows</path>
            <value>2</value>
            <valuetype>DWORD</valuetype>
          </params>
        </action>
      </entry>
      <entry>
        <name>Increase Disk I/O Timeout to 200 seconds</name>
        <description>Increase Disk I/O Timeout to 200 seconds.</description>
        <execute>1</execute>
        <action>
          <plugin>Registry</plugin>
          <params>
            <name>TimeOutValue</name>
            <path>HKLM\SYSTEM\CurrentControlSet\Services\Disk</path>
            <value>0x000000C8</value>
            <valuetype>DWORD</valuetype>
          </params>
        </action>
      </entry>
      <entry>
        <name>Set power plan to High Performance</name>
        <description>Change current power plan to "High performance". If you rollback these changes, power plan will default to "Balanced".</description>
        <execute>0</execute>
        <action>
          <plugin>PowerShell</plugin>
          <analyzeparams>
            <value>$Global:CTXOE_Result = $(Get-CimInstance -Name root\cimv2\power -Class win32_PowerPlan -Filter "InstanceID = 'Microsoft:PowerPlan\\{8c5e7fda-e8bf-4a96-9a85-a6e23a8c635c}'").IsActive;
Return;</value>
          </analyzeparams>
          <rollbackparams>
            <value># This code is NOT using Win32_PowerPlan, as it was not reliable on some operating systems (including Windows 10 build 1803).
# It is also not using ElementName property (e.g. 'High Performance'), as this is localized in different operating systems

$ModeID = "Microsoft:PowerPlan\\{381b4222-f694-41f0-9685-ff5bb260df2e}"; #This is Balanced mode

$DesiredMode = Get-CimInstance -Name root\cimv2\power -Class win32_PowerPlan -Filter "InstanceID = '$ModeID'"

# Check if mode is currently selected. If yes, skip. 
If ($DesiredMode.IsActive -eq $True) {
	$Global:CTXOE_Result = $True; 
	$Global:CTXOE_Details = "Mode already configured, skipping";	
	Return;
}

# Different mode is currently selected. Change the active mode. 
$PowerMode_UUID = $ModeID.Split("{}")[1]; 
PowerCfg /SetActive $PowerMode_UUID;

$Global:CTXOE_Result = $(Get-CimInstance -Name root\cimv2\power -Class win32_PowerPlan -Filter "InstanceID = '$ModeID'").IsActive; 
$Global:CTXOE_Details = "Power plan changed to Balanced mode"; </value>
          </rollbackparams>
          <executeparams>
            <value># This code is NOT using Win32_PowerPlan, as it was not reliable on some operating systems (including Windows 10 build 1803).
# It is also not using ElementName property (e.g. 'High Performance'), as this is localized in different operating systems

$ModeID = "Microsoft:PowerPlan\\{8c5e7fda-e8bf-4a96-9a85-a6e23a8c635c}"; #This is High Performance mode

$DesiredMode = Get-CimInstance -Name root\cimv2\power -Class win32_PowerPlan -Filter "InstanceID = '$ModeID'"

# Check if mode is currently selected. If yes, skip. 
If ($DesiredMode.IsActive -eq $True) {
	$Global:CTXOE_Result = $True; 
	$Global:CTXOE_Details = "Mode already configured, skipping";	
	Return;
}

# Different mode is currently selected. Change the active mode. 
$PowerMode_UUID = $ModeID.Split("{}")[1]; 
PowerCfg /SetActive $PowerMode_UUID;

$Global:CTXOE_Result = $(Get-CimInstance -Name root\cimv2\power -Class win32_PowerPlan -Filter "InstanceID = '$ModeID'").IsActive; 
$Global:CTXOE_Details = "Power plan changed to High Performance mode"; </value>
          </executeparams>
        </action>
      </entry>
      <entry>
        <name>Native Image Generation 32bit (NGEN)</name>
        <description>THIS IS SLOW, it's normal for this operation to take a long time. This optimization pre-compiles .NET assemblies instead of using the just-in-time compilation using NGEN.exe. 
Does not support analyze/rollback modes, but it is generally safe to use.</description>
        <execute>0</execute>
        <action>
          <plugin>PowerShell</plugin>
          <params>
            <value>Write-Host "This optimization does not support analyze or rollback modes, skipping...";
$Global:CTXOE_Result = $True;
$Global:CTXOE_Details = "Analyze/Rollback not supported/required, skipping...";
Return;</value>
          </params>
          <executeparams>
            <value>. $Env:WinDir\Microsoft.Net\Framework\v4.0.30319\ngen.exe Update;

$Global:CTXOE_Result = $True;
$Global:CTXOE_Details = ".NET assemblies optimized";</value>
          </executeparams>
        </action>
      </entry>
      <entry>
        <name>Native Image Generation 64bit (NGEN)</name>
        <description>THIS IS SLOW, it's normal for this operation to take a long time. This optimization pre-compiles .NET assemblies instead of using the just-in-time compilation using NGEN.exe. 
Does not support analyze/rollback modes, but it is generally safe to use.</description>
        <execute>0</execute>
        <action>
          <plugin>PowerShell</plugin>
          <params>
            <value>Write-Host "This optimization does not support analyze or rollback modes, skipping...";
$Global:CTXOE_Result = $True;
$Global:CTXOE_Details = "Analyze/Rollback not supported/required, skipping...";
Return;</value>
          </params>
          <executeparams>
            <value>If ($(Test-Path $Env:WinDir\Microsoft.Net\Framework64\v4.0.30319\ngen.exe) -eq $True) {
. $Env:WinDir\Microsoft.Net\Framework64\v4.0.30319\ngen.exe Update;
 $Global:CTXOE_Details = ".NET assemblies optimized";
} Else {
 $Global:CTXOE_Details = "Skipping, not 64 bit NGEN not found";
}
$Global:CTXOE_Result = $True;
</value>
          </executeparams>
        </action>
      </entry>
    </group>
  </pack>
</root>